user1,10.1.1.1
user2,10.1.1.2
user3,10.1.1.3
user4,10.1.1.4
user5,10.1.1.5
user6,10.1.1.6
user7,10.1.1.7
user8,10.1.1.8
user9,10.1.1.9
user10,10.1.1.10
user11,10.1.1.11
user12,10.1.1.12
user13,10.1.1.13
user14,10.1.1.14
user15,10.1.1.15
user16,10.1.1.16
user17,10.1.1.17
user18,10.1.1.18
user19,10.1.1.19
user20,10.1.1.20
user21,10.1.1.21
user22,10.1.1.22
user23,10.1.1.23
user24,10.1.1.24
user25,10.1.1.25
user26,10.1.1.26
user27,10.1.1.27
user28,10.1.1.28
user29,10.1.1.29
user30,10.1.1.30
user31,10.1.1.31
user32,10.1.1.32
user33,10.1.1.33
user34,10.1.1.34
user35,10.1.1.35
user36,10.1.1.36
user37,10.1.1.37
user38,10.1.1.38
user39,10.1.1.39
user40,10.1.1.40
user41,10.1.1.41
user42,10.1.1.42
user43,10.1.1.43
user44,10.1.1.44
user45,10.1.1.45
user46,10.1.1.46
user47,10.1.1.47
user48,10.1.1.48
user49,10.1.1.49
user50,10.1.1.50
user51,10.1.1.51
user52,10.1.1.52
user53,10.1.1.53
user54,10.1.1.54
user55,10.1.1.55
user56,10.1.1.56
user57,10.1.1.57
user58,10.1.1.58
user59,10.1.1.59
user60,10.1.1.60
user61,10.1.1.61
user62,10.1.1.62
user63,10.1.1.63
user64,10.1.1.64
user65,10.1.1.65
user66,10.1.1.66
user67,10.1.1.67
user68,10.1.1.68
user69,10.1.1.69
user70,10.1.1.70
user71,10.1.1.71
user72,10.1.1.72
user73,10.1.1.73
user74,10.1.1.74
user75,10.1.1.75
user76,10.1.1.76
user77,10.1.1.77
user78,10.1.1.78
user79,10.1.1.79
user80,10.1.1.80
user81,10.1.1.81
user82,10.1.1.82
user83,10.1.1.83
user84,10.1.1.84
user85,10.1.1.85
user86,10.1.1.86
user87,10.1.1.87
user88,10.1.1.88
user89,10.1.1.89
user90,10.1.1.90
user91,10.1.1.91
user92,10.1.1.92
user93,10.1.1.93
user94,10.1.1.94
user95,10.1.1.95
user96,10.1.1.96
user97,10.1.1.97
user98,10.1.1.98
user99,10.1.1.99
user100,10.1.1.100
user101,10.1.1.101
user102,10.1.1.102
user103,10.1.1.103
user104,10.1.1.104
user105,10.1.1.105
user106,10.1.1.106
user107,10.1.1.107
user108,10.1.1.108
user109,10.1.1.109
user110,10.1.1.110
user111,10.1.1.111
user112,10.1.1.112
user113,10.1.1.113
user114,10.1.1.114
user115,10.1.1.115
user116,10.1.1.116
user117,10.1.1.117
user118,10.1.1.118
user119,10.1.1.119
user120,10.1.1.120
user121,10.1.1.121
user122,10.1.1.122
user123,10.1.1.123
user124,10.1.1.124
user125,10.1.1.125
user126,10.1.1.126
user127,10.1.1.127
user128,10.1.1.128
user129,10.1.1.129
user130,10.1.1.130
user131,10.1.1.131
user132,10.1.1.132
user133,10.1.1.133
user134,10.1.1.134
user135,10.1.1.135
user136,10.1.1.136
user137,10.1.1.137
user138,10.1.1.138
user139,10.1.1.139
user140,10.1.1.140
user141,10.1.1.141
user142,10.1.1.142
user143,10.1.1.143
user144,10.1.1.144
user145,10.1.1.145
user146,10.1.1.146
user147,10.1.1.147
user148,10.1.1.148
user149,10.1.1.149
user150,10.1.1.150
user151,10.1.1.151
user152,10.1.1.152
user153,10.1.1.153
user154,10.1.1.154
user155,10.1.1.155
user156,10.1.1.156
user157,10.1.1.157
user158,10.1.1.158
user159,10.1.1.159
user160,10.1.1.160
user161,10.1.1.161
user162,10.1.1.162
user163,10.1.1.163
user164,10.1.1.164
user165,10.1.1.165
user166,10.1.1.166
user167,10.1.1.167
user168,10.1.1.168
user169,10.1.1.169
user170,10.1.1.170
user171,10.1.1.171
user172,10.1.1.172
user173,10.1.1.173
user174,10.1.1.174
user175,10.1.1.175
user176,10.1.1.176
user177,10.1.1.177
user178,10.1.1.178
user179,10.1.1.179
user180,10.1.1.180
user181,10.1.1.181
user182,10.1.1.182
user183,10.1.1.183
user184,10.1.1.184
user185,10.1.1.185
user186,10.1.1.186
user187,10.1.1.187
user188,10.1.1.188
user189,10.1.1.189
user190,10.1.1.190
user191,10.1.1.191
user192,10.1.1.192
user193,10.1.1.193
user194,10.1.1.194
user195,10.1.1.195
user196,10.1.1.196
user197,10.1.1.197
user198,10.1.1.198
user199,10.1.1.199
user200,10.1.1.200
user201,10.1.1.201
user202,10.1.1.202
user203,10.1.1.203
user204,10.1.1.204
user205,10.1.1.205
user206,10.1.1.206
user207,10.1.1.207
user208,10.1.1.208
user209,10.1.1.209
user210,10.1.1.210
user211,10.1.1.211
user212,10.1.1.212
user213,10.1.1.213
user214,10.1.1.214
user215,10.1.1.215
user216,10.1.1.216
user217,10.1.1.217
user218,10.1.1.218
user219,10.1.1.219
user220,10.1.1.220
user221,10.1.1.221
user222,10.1.1.222
user223,10.1.1.223
user224,10.1.1.224
user225,10.1.1.225
user226,10.1.1.226
user227,10.1.1.227
user228,10.1.1.228
user229,10.1.1.229
user230,10.1.1.230
user231,10.1.1.231
user232,10.1.1.232
user233,10.1.1.233
user234,10.1.1.234
user235,10.1.1.235
user236,10.1.1.236
user237,10.1.1.237
user238,10.1.1.238
user239,10.1.1.239
user240,10.1.1.240
user241,10.1.1.241
user242,10.1.1.242
user243,10.1.1.243
user244,10.1.1.244
user245,10.1.1.245
user246,10.1.1.246
user247,10.1.1.247
user248,10.1.1.248
user249,10.1.1.249
user250,10.1.1.250
user251,10.1.2.1
user252,10.1.2.2
user253,10.1.2.3
user254,10.1.2.4
user255,10.1.2.5
user256,10.1.2.6
user257,10.1.2.7
user258,10.1.2.8
user259,10.1.2.9
user260,10.1.2.10
user261,10.1.2.11
user262,10.1.2.12
user263,10.1.2.13
user264,10.1.2.14
user265,10.1.2.15
user266,10.1.2.16
user267,10.1.2.17
user268,10.1.2.18
user269,10.1.2.19
user270,10.1.2.20
user271,10.1.2.21
user272,10.1.2.22
user273,10.1.2.23
user274,10.1.2.24
user275,10.1.2.25
user276,10.1.2.26
user277,10.1.2.27
user278,10.1.2.28
user279,10.1.2.29
user280,10.1.2.30
user281,10.1.2.31
user282,10.1.2.32
user283,10.1.2.33
user284,10.1.2.34
user285,10.1.2.35
user286,10.1.2.36
user287,10.1.2.37
user288,10.1.2.38
user289,10.1.2.39
user290,10.1.2.40
user291,10.1.2.41
user292,10.1.2.42
user293,10.1.2.43
user294,10.1.2.44
user295,10.1.2.45
user296,10.1.2.46
user297,10.1.2.47
user298,10.1.2.48
user299,10.1.2.49
user300,10.1.2.50
user301,10.1.2.51
user302,10.1.2.52
user303,10.1.2.53
user304,10.1.2.54
user305,10.1.2.55
user306,10.1.2.56
user307,10.1.2.57
user308,10.1.2.58
user309,10.1.2.59
user310,10.1.2.60
user311,10.1.2.61
user312,10.1.2.62
user313,10.1.2.63
user314,10.1.2.64
user315,10.1.2.65
user316,10.1.2.66
user317,10.1.2.67
user318,10.1.2.68
user319,10.1.2.69
user320,10.1.2.70
user321,10.1.2.71
user322,10.1.2.72
user323,10.1.2.73
user324,10.1.2.74
user325,10.1.2.75
user326,10.1.2.76
user327,10.1.2.77
user328,10.1.2.78
user329,10.1.2.79
user330,10.1.2.80
user331,10.1.2.81
user332,10.1.2.82
user333,10.1.2.83
user334,10.1.2.84
user335,10.1.2.85
user336,10.1.2.86
user337,10.1.2.87
user338,10.1.2.88
user339,10.1.2.89
user340,10.1.2.90
user341,10.1.2.91
user342,10.1.2.92
user343,10.1.2.93
user344,10.1.2.94
user345,10.1.2.95
user346,10.1.2.96
user347,10.1.2.97
user348,10.1.2.98
user349,10.1.2.99
user350,10.1.2.100
user351,10.1.2.101
user352,10.1.2.102
user353,10.1.2.103
user354,10.1.2.104
user355,10.1.2.105
user356,10.1.2.106
user357,10.1.2.107
user358,10.1.2.108
user359,10.1.2.109
user360,10.1.2.110
user361,10.1.2.111
user362,10.1.2.112
user363,10.1.2.113
user364,10.1.2.114
user365,10.1.2.115
user366,10.1.2.116
user367,10.1.2.117
user368,10.1.2.118
user369,10.1.2.119
user370,10.1.2.120
user371,10.1.2.121
user372,10.1.2.122
user373,10.1.2.123
user374,10.1.2.124
user375,10.1.2.125
user376,10.1.2.126
user377,10.1.2.127
user378,10.1.2.128
user379,10.1.2.129
user380,10.1.2.130
user381,10.1.2.131
user382,10.1.2.132
user383,10.1.2.133
user384,10.1.2.134
user385,10.1.2.135
user386,10.1.2.136
user387,10.1.2.137
user388,10.1.2.138
user389,10.1.2.139
user390,10.1.2.140
user391,10.1.2.141
user392,10.1.2.142
user393,10.1.2.143
user394,10.1.2.144
user395,10.1.2.145
user396,10.1.2.146
user397,10.1.2.147
user398,10.1.2.148
user399,10.1.2.149
user400,10.1.2.150
user401,10.1.2.151
user402,10.1.2.152
user403,10.1.2.153
user404,10.1.2.154
user405,10.1.2.155
user406,10.1.2.156
user407,10.1.2.157
user408,10.1.2.158
user409,10.1.2.159
user410,10.1.2.160
user411,10.1.2.161
user412,10.1.2.162
user413,10.1.2.163
user414,10.1.2.164
user415,10.1.2.165
user416,10.1.2.166
user417,10.1.2.167
user418,10.1.2.168
user419,10.1.2.169
user420,10.1.2.170
user421,10.1.2.171
user422,10.1.2.172
user423,10.1.2.173
user424,10.1.2.174
user425,10.1.2.175
user426,10.1.2.176
user427,10.1.2.177
user428,10.1.2.178
user429,10.1.2.179
user430,10.1.2.180
user431,10.1.2.181
user432,10.1.2.182
user433,10.1.2.183
user434,10.1.2.184
user435,10.1.2.185
user436,10.1.2.186
user437,10.1.2.187
user438,10.1.2.188
user439,10.1.2.189
user440,10.1.2.190
user441,10.1.2.191
user442,10.1.2.192
user443,10.1.2.193
user444,10.1.2.194
user445,10.1.2.195
user446,10.1.2.196
user447,10.1.2.197
user448,10.1.2.198
user449,10.1.2.199
user450,10.1.2.200
user451,10.1.2.201
user452,10.1.2.202
user453,10.1.2.203
user454,10.1.2.204
user455,10.1.2.205
user456,10.1.2.206
user457,10.1.2.207
user458,10.1.2.208
user459,10.1.2.209
user460,10.1.2.210
user461,10.1.2.211
user462,10.1.2.212
user463,10.1.2.213
user464,10.1.2.214
user465,10.1.2.215
user466,10.1.2.216
user467,10.1.2.217
user468,10.1.2.218
user469,10.1.2.219
user470,10.1.2.220
user471,10.1.2.221
user472,10.1.2.222
user473,10.1.2.223
user474,10.1.2.224
user475,10.1.2.225
user476,10.1.2.226
user477,10.1.2.227
user478,10.1.2.228
user479,10.1.2.229
user480,10.1.2.230
user481,10.1.2.231
user482,10.1.2.232
user483,10.1.2.233
user484,10.1.2.234
user485,10.1.2.235
user486,10.1.2.236
user487,10.1.2.237
user488,10.1.2.238
user489,10.1.2.239
user490,10.1.2.240
user491,10.1.2.241
user492,10.1.2.242
user493,10.1.2.243
user494,10.1.2.244
user495,10.1.2.245
user496,10.1.2.246
user497,10.1.2.247
user498,10.1.2.248
user499,10.1.2.249
user500,10.1.2.250
user501,10.1.3.1
user502,10.1.3.2
user503,10.1.3.3
user504,10.1.3.4
user505,10.1.3.5
user506,10.1.3.6
user507,10.1.3.7
user508,10.1.3.8
user509,10.1.3.9
user510,10.1.3.10
user511,10.1.3.11
user512,10.1.3.12
user513,10.1.3.13
user514,10.1.3.14
user515,10.1.3.15
user516,10.1.3.16
user517,10.1.3.17
user518,10.1.3.18
user519,10.1.3.19
user520,10.1.3.20
user521,10.1.3.21
user522,10.1.3.22
user523,10.1.3.23
user524,10.1.3.24
user525,10.1.3.25
user526,10.1.3.26
user527,10.1.3.27
user528,10.1.3.28
user529,10.1.3.29
user530,10.1.3.30
user531,10.1.3.31
user532,10.1.3.32
user533,10.1.3.33
user534,10.1.3.34
user535,10.1.3.35
user536,10.1.3.36
user537,10.1.3.37
user538,10.1.3.38
user539,10.1.3.39
user540,10.1.3.40
user541,10.1.3.41
user542,10.1.3.42
user543,10.1.3.43
user544,10.1.3.44
user545,10.1.3.45
user546,10.1.3.46
user547,10.1.3.47
user548,10.1.3.48
user549,10.1.3.49
user550,10.1.3.50
user551,10.1.3.51
user552,10.1.3.52
user553,10.1.3.53
user554,10.1.3.54
user555,10.1.3.55
user556,10.1.3.56
user557,10.1.3.57
user558,10.1.3.58
user559,10.1.3.59
user560,10.1.3.60
user561,10.1.3.61
user562,10.1.3.62
user563,10.1.3.63
user564,10.1.3.64
user565,10.1.3.65
user566,10.1.3.66
user567,10.1.3.67
user568,10.1.3.68
user569,10.1.3.69
user570,10.1.3.70
user571,10.1.3.71
user572,10.1.3.72
user573,10.1.3.73
user574,10.1.3.74
user575,10.1.3.75
user576,10.1.3.76
user577,10.1.3.77
user578,10.1.3.78
user579,10.1.3.79
user580,10.1.3.80
user581,10.1.3.81
user582,10.1.3.82
user583,10.1.3.83
user584,10.1.3.84
user585,10.1.3.85
user586,10.1.3.86
user587,10.1.3.87
user588,10.1.3.88
user589,10.1.3.89
user590,10.1.3.90
user591,10.1.3.91
user592,10.1.3.92
user593,10.1.3.93
user594,10.1.3.94
user595,10.1.3.95
user596,10.1.3.96
user597,10.1.3.97
user598,10.1.3.98
user599,10.1.3.99
user600,10.1.3.100
user601,10.1.3.101
user602,10.1.3.102
user603,10.1.3.103
user604,10.1.3.104
user605,10.1.3.105
user606,10.1.3.106
user607,10.1.3.107
user608,10.1.3.108
user609,10.1.3.109
user610,10.1.3.110
user611,10.1.3.111
user612,10.1.3.112
user613,10.1.3.113
user614,10.1.3.114
user615,10.1.3.115
user616,10.1.3.116
user617,10.1.3.117
user618,10.1.3.118
user619,10.1.3.119
user620,10.1.3.120
user621,10.1.3.121
user622,10.1.3.122
user623,10.1.3.123
user624,10.1.3.124
user625,10.1.3.125
user626,10.1.3.126
user627,10.1.3.127
user628,10.1.3.128
user629,10.1.3.129
user630,10.1.3.130
user631,10.1.3.131
user632,10.1.3.132
user633,10.1.3.133
user634,10.1.3.134
user635,10.1.3.135
user636,10.1.3.136
user637,10.1.3.137
user638,10.1.3.138
user639,10.1.3.139
user640,10.1.3.140
user641,10.1.3.141
user642,10.1.3.142
user643,10.1.3.143
user644,10.1.3.144
user645,10.1.3.145
user646,10.1.3.146
user647,10.1.3.147
user648,10.1.3.148
user649,10.1.3.149
user650,10.1.3.150
user651,10.1.3.151
user652,10.1.3.152
user653,10.1.3.153
user654,10.1.3.154
user655,10.1.3.155
user656,10.1.3.156
user657,10.1.3.157
user658,10.1.3.158
user659,10.1.3.159
user660,10.1.3.160
user661,10.1.3.161
user662,10.1.3.162
user663,10.1.3.163
user664,10.1.3.164
user665,10.1.3.165
user666,10.1.3.166
user667,10.1.3.167
user668,10.1.3.168
user669,10.1.3.169
user670,10.1.3.170
user671,10.1.3.171
user672,10.1.3.172
user673,10.1.3.173
user674,10.1.3.174
user675,10.1.3.175
user676,10.1.3.176
user677,10.1.3.177
user678,10.1.3.178
user679,10.1.3.179
user680,10.1.3.180
user681,10.1.3.181
user682,10.1.3.182
user683,10.1.3.183
user684,10.1.3.184
user685,10.1.3.185
user686,10.1.3.186
user687,10.1.3.187
user688,10.1.3.188
user689,10.1.3.189
user690,10.1.3.190
user691,10.1.3.191
user692,10.1.3.192
user693,10.1.3.193
user694,10.1.3.194
user695,10.1.3.195
user696,10.1.3.196
user697,10.1.3.197
user698,10.1.3.198
user699,10.1.3.199
user700,10.1.3.200
user701,10.1.3.201
user702,10.1.3.202
user703,10.1.3.203
user704,10.1.3.204
user705,10.1.3.205
user706,10.1.3.206
user707,10.1.3.207
user708,10.1.3.208
user709,10.1.3.209
user710,10.1.3.210
user711,10.1.3.211
user712,10.1.3.212
user713,10.1.3.213
user714,10.1.3.214
user715,10.1.3.215
user716,10.1.3.216
user717,10.1.3.217
user718,10.1.3.218
user719,10.1.3.219
user720,10.1.3.220
user721,10.1.3.221
user722,10.1.3.222
user723,10.1.3.223
user724,10.1.3.224
user725,10.1.3.225
user726,10.1.3.226
user727,10.1.3.227
user728,10.1.3.228
user729,10.1.3.229
user730,10.1.3.230
user731,10.1.3.231
user732,10.1.3.232
user733,10.1.3.233
user734,10.1.3.234
user735,10.1.3.235
user736,10.1.3.236
user737,10.1.3.237
user738,10.1.3.238
user739,10.1.3.239
user740,10.1.3.240
user741,10.1.3.241
user742,10.1.3.242
user743,10.1.3.243
user744,10.1.3.244
user745,10.1.3.245
user746,10.1.3.246
user747,10.1.3.247
user748,10.1.3.248
user749,10.1.3.249
user750,10.1.3.250
user751,10.1.4.1
user752,10.1.4.2
user753,10.1.4.3
user754,10.1.4.4
user755,10.1.4.5
user756,10.1.4.6
user757,10.1.4.7
user758,10.1.4.8
user759,10.1.4.9
user760,10.1.4.10
user761,10.1.4.11
user762,10.1.4.12
user763,10.1.4.13
user764,10.1.4.14
user765,10.1.4.15
user766,10.1.4.16
user767,10.1.4.17
user768,10.1.4.18
user769,10.1.4.19
user770,10.1.4.20
user771,10.1.4.21
user772,10.1.4.22
user773,10.1.4.23
user774,10.1.4.24
user775,10.1.4.25
user776,10.1.4.26
user777,10.1.4.27
user778,10.1.4.28
user779,10.1.4.29
user780,10.1.4.30
user781,10.1.4.31
user782,10.1.4.32
user783,10.1.4.33
user784,10.1.4.34
user785,10.1.4.35
user786,10.1.4.36
user787,10.1.4.37
user788,10.1.4.38
user789,10.1.4.39
user790,10.1.4.40
user791,10.1.4.41
user792,10.1.4.42
user793,10.1.4.43
user794,10.1.4.44
user795,10.1.4.45
user796,10.1.4.46
user797,10.1.4.47
user798,10.1.4.48
user799,10.1.4.49
user800,10.1.4.50
user801,10.1.4.51
user802,10.1.4.52
user803,10.1.4.53
user804,10.1.4.54
user805,10.1.4.55
user806,10.1.4.56
user807,10.1.4.57
user808,10.1.4.58
user809,10.1.4.59
user810,10.1.4.60
user811,10.1.4.61
user812,10.1.4.62
user813,10.1.4.63
user814,10.1.4.64
user815,10.1.4.65
user816,10.1.4.66
user817,10.1.4.67
user818,10.1.4.68
user819,10.1.4.69
user820,10.1.4.70
user821,10.1.4.71
user822,10.1.4.72
user823,10.1.4.73
user824,10.1.4.74
user825,10.1.4.75
user826,10.1.4.76
user827,10.1.4.77
user828,10.1.4.78
user829,10.1.4.79
user830,10.1.4.80
user831,10.1.4.81
user832,10.1.4.82
user833,10.1.4.83
user834,10.1.4.84
user835,10.1.4.85
user836,10.1.4.86
user837,10.1.4.87
user838,10.1.4.88
user839,10.1.4.89
user840,10.1.4.90
user841,10.1.4.91
user842,10.1.4.92
user843,10.1.4.93
user844,10.1.4.94
user845,10.1.4.95
user846,10.1.4.96
user847,10.1.4.97
user848,10.1.4.98
user849,10.1.4.99
user850,10.1.4.100
user851,10.1.4.101
user852,10.1.4.102
user853,10.1.4.103
user854,10.1.4.104
user855,10.1.4.105
user856,10.1.4.106
user857,10.1.4.107
user858,10.1.4.108
user859,10.1.4.109
user860,10.1.4.110
user861,10.1.4.111
user862,10.1.4.112
user863,10.1.4.113
user864,10.1.4.114
user865,10.1.4.115
user866,10.1.4.116
user867,10.1.4.117
user868,10.1.4.118
user869,10.1.4.119
user870,10.1.4.120
user871,10.1.4.121
user872,10.1.4.122
user873,10.1.4.123
user874,10.1.4.124
user875,10.1.4.125
user876,10.1.4.126
user877,10.1.4.127
user878,10.1.4.128
user879,10.1.4.129
user880,10.1.4.130
user881,10.1.4.131
user882,10.1.4.132
user883,10.1.4.133
user884,10.1.4.134
user885,10.1.4.135
user886,10.1.4.136
user887,10.1.4.137
user888,10.1.4.138
user889,10.1.4.139
user890,10.1.4.140
user891,10.1.4.141
user892,10.1.4.142
user893,10.1.4.143
user894,10.1.4.144
user895,10.1.4.145
user896,10.1.4.146
user897,10.1.4.147
user898,10.1.4.148
user899,10.1.4.149
user900,10.1.4.150
user901,10.1.4.151
user902,10.1.4.152
user903,10.1.4.153
user904,10.1.4.154
user905,10.1.4.155
user906,10.1.4.156
user907,10.1.4.157
user908,10.1.4.158
user909,10.1.4.159
user910,10.1.4.160
user911,10.1.4.161
user912,10.1.4.162
user913,10.1.4.163
user914,10.1.4.164
user915,10.1.4.165
user916,10.1.4.166
user917,10.1.4.167
user918,10.1.4.168
user919,10.1.4.169
user920,10.1.4.170
user921,10.1.4.171
user922,10.1.4.172
user923,10.1.4.173
user924,10.1.4.174
user925,10.1.4.175
user926,10.1.4.176
user927,10.1.4.177
user928,10.1.4.178
user929,10.1.4.179
user930,10.1.4.180
user931,10.1.4.181
user932,10.1.4.182
user933,10.1.4.183
user934,10.1.4.184
user935,10.1.4.185
user936,10.1.4.186
user937,10.1.4.187
user938,10.1.4.188
user939,10.1.4.189
user940,10.1.4.190
user941,10.1.4.191
user942,10.1.4.192
user943,10.1.4.193
user944,10.1.4.194
user945,10.1.4.195
user946,10.1.4.196
user947,10.1.4.197
user948,10.1.4.198
user949,10.1.4.199
user950,10.1.4.200
user951,10.1.4.201
user952,10.1.4.202
user953,10.1.4.203
user954,10.1.4.204
user955,10.1.4.205
user956,10.1.4.206
user957,10.1.4.207
user958,10.1.4.208
user959,10.1.4.209
user960,10.1.4.210
user961,10.1.4.211
user962,10.1.4.212
user963,10.1.4.213
user964,10.1.4.214
user965,10.1.4.215
user966,10.1.4.216
user967,10.1.4.217
user968,10.1.4.218
user969,10.1.4.219
user970,10.1.4.220
user971,10.1.4.221
user972,10.1.4.222
user973,10.1.4.223
user974,10.1.4.224
user975,10.1.4.225
user976,10.1.4.226
user977,10.1.4.227
user978,10.1.4.228
user979,10.1.4.229
user980,10.1.4.230
user981,10.1.4.231
user982,10.1.4.232
user983,10.1.4.233
user984,10.1.4.234
user985,10.1.4.235
user986,10.1.4.236
user987,10.1.4.237
user988,10.1.4.238
user989,10.1.4.239
user990,10.1.4.240
user991,10.1.4.241
user992,10.1.4.242
user993,10.1.4.243
user994,10.1.4.244
user995,10.1.4.245
user996,10.1.4.246
user997,10.1.4.247
user998,10.1.4.248
user999,10.1.4.249
user1000,10.1.4.250
